collection,max_timestamp,subCommodityCode,subCommodityName,database_name,variations,object_id,changeStreamEvent
subcommodity_dqa_changestream,2024-11-25 20:11:25 UTC,61802,POTATOES RED (BULK & BAG) ORGANIC,PROD_SB,"[{'variationType': 'Package Size', 'variationName': 'Size B', 'dqaHelperChecked': False, 'secondaryDqaHelperChecked': False, 'displayFlag': False}]",subcommodity_dqa_671a80248d26a628ef13f735_1732565485,"{'operationType': 'replace', 'timestamp': Timestamp(1732565485, 8), 'readableTimestamp': '2024-11-25 20:11:25 UTC', 'documentKey': {'_id': ObjectId('671a80248d26a628ef13f735')}, 'clientInfo': {}, 'updateDescription': {}}"
subcommodity_dqa_changestream,2024-12-04 15:14:01 UTC,40811,FRESH KITCHENS CITRUS,PROD_SB,,subcommodity_dqa_671a80248d26a628ef13f6b0_1733325241,"{'operationType': 'delete', 'timestamp': Timestamp(1733325241, 1), 'readableTimestamp': '2024-12-04 15:14:01 UTC', 'documentKey': {'_id': ObjectId('671a80248d26a628ef13f6b0')}, 'clientInfo': {}, 'updateDescription': {}}"
subcommodity_dqa_changestream,2024-12-04 15:18:41 UTC,40806,FRESH KITCHENS MELONS MIXED,PROD_SB,,subcommodity_dqa_671a80248d26a628ef13f6ab_1733325521,"{'operationType': 'delete', 'timestamp': Timestamp(1733325521, 1), 'readableTimestamp': '2024-12-04 15:18:41 UTC', 'documentKey': {'_id': ObjectId('671a80248d26a628ef13f6ab')}, 'clientInfo': {}, 'updateDescription': {}}"
subcommodity_dqa_changestream,2024-11-25 20:30:15 UTC,98097,POTATOES GOLD (BULK & BAG),PROD_SB,"[{'variationType': 'Package Size', 'variationName': 'Other', 'dqaHelperChecked': False, 'secondaryDqaHelperChecked': False, 'displayFlag': False}]",subcommodity_dqa_671a80248d26a628ef13f841_1732566615,"{'operationType': 'replace', 'timestamp': Timestamp(1732566615, 16), 'readableTimestamp': '2024-11-25 20:30:15 UTC', 'documentKey': {'_id': ObjectId('671a80248d26a628ef13f841')}, 'clientInfo': {}, 'updateDescription': {}}"
subcommodity_dqa_changestream,2024-11-25 20:50:15 UTC,98152,POTATOES RED (BULK & BAG),PROD_SB,"[{'variationType': 'Package Size', 'variationName': '3 lb Bag', 'dqaHelperChecked': False, 'secondaryDqaHelperChecked': False, 'displayFlag': False}]",subcommodity_dqa_671a80248d26a628ef13f95e_1732129482,"{'operationType': 'replace', 'timestamp': Timestamp(1732129482, 7), 'readableTimestamp': '2024-11-20 19:04:42 UTC', 'documentKey': {'_id': ObjectId('671a80248d26a628ef13f95e')}, 'clientInfo': {}, 'updateDescription': {}}"
subcommodity_dqa_changestream,2024-11-22 17:02:34 UTC,98002,Grapefruit,PROD_SB,"[{'variationType': 'Origin', 'variationName': 'California', 'dqaHelperChecked': False, 'secondaryVariationType': 'Package Size', 'secondaryVariationName': 'Other', 'secondaryDqaHelperChecked': False, 'displayFlag': False}]",subcommodity_dqa_671a80248d26a628ef13f94d_1732294954,"{'operationType': 'replace', 'timestamp': Timestamp(1732294954, 6), 'readableTimestamp': '2024-11-22 17:02:34 UTC', 'documentKey': {'_id': ObjectId('671a80248d26a628ef13f94d')}, 'clientInfo': {}, 'updateDescription': {}}"
subcommodity_dqa_changestream,2024-11-22 17:13:24 UTC,60213,ORANGES NAVELS ALL ORGANIC,PROD_SB,"[{'variationType': 'Origin', 'variationName': 'FLORIDA', 'dqaHelperChecked': False, 'secondaryDqaHelperChecked': False, 'displayFlag': False}]",subcommodity_dqa_671a80248d26a628ef13f931_1732295604,"{'operationType': 'replace', 'timestamp': Timestamp(1732295604, 5), 'readableTimestamp': '2024-11-22 17:13:24 UTC', 'documentKey': {'_id': ObjectId('671a80248d26a628ef13f931')}, 'clientInfo': {}, 'updateDescription': {}}"
subcommodity_dqa_changestream,2024-11-22 21:05:52 UTC,60210,GRAPEFRUIT ORGANIC,PROD_SB,"[{'variationType': 'Origin', 'variationName': 'FLORIDA', 'dqaHelperChecked': False, 'secondaryVariationType': 'Package Size', 'secondaryVariationName': 'Other', 'secondaryDqaHelperChecked': False, 'displayFlag': False}]",subcommodity_dqa_671a80248d26a628ef13f952_1732309552,"{'operationType': 'replace', 'timestamp': Timestamp(1732309552, 1), 'readableTimestamp': '2024-11-22 21:05:52 UTC', 'documentKey': {'_id': ObjectId('671a80248d26a628ef13f952')}, 'clientInfo': {}, 'updateDescription': {}}"
subcommodity_dqa_changestream,2024-11-26 15:01:34 UTC,60804,HEAD LETTUCE ORGANIC,PROD_SB,"[{'variationType': 'Varietal', 'variationName': 'Iceberg', 'dqaHelperChecked': False, 'secondaryDqaHelperChecked': False, 'displayFlag': False}]",subcommodity_dqa_671a80248d26a628ef13f8e9_1732633294,"{'operationType': 'replace', 'timestamp': Timestamp(1732633294, 3), 'readableTimestamp': '2024-11-26 15:01:34 UTC', 'documentKey': {'_id': ObjectId('671a80248d26a628ef13f8e9')}, 'clientInfo': {}, 'updateDescription': {}}"
subcommodity_dqa_changestream,2024-12-04 15:24:01 UTC,40903,FRESH KITCHENS MEAL ENHANCEMENTS,PROD_SB,,subcommodity_dqa_671a80248d26a628ef13f807_1733325841,"{'operationType': 'delete', 'timestamp': Timestamp(1733325841, 1), 'readableTimestamp': '2024-12-04 15:24:01 UTC', 'documentKey': {'_id': ObjectId('671a80248d26a628ef13f807')}, 'clientInfo': {}, 'updateDescription': {}}"
subcommodity_dqa_changestream,2024-11-22 17:02:34 UTC,98002,Grapefruit,PROD_SB,"[{'variationType': 'Origin', 'variationName': 'Arizona', 'dqaHelperChecked': False, 'secondaryVariationType': 'Package Size', 'secondaryVariationName': 'Other', 'secondaryDqaHelperChecked': False, 'displayFlag': False}]",subcommodity_dqa_671a80248d26a628ef13f94a_1732294954,"{'operationType': 'replace', 'timestamp': Timestamp(1732294954, 3), 'readableTimestamp': '2024-11-22 17:02:34 UTC', 'documentKey': {'_id': ObjectId('671a80248d26a628ef13f94a')}, 'clientInfo': {}, 'updateDescription': {}}"
subcommodity_dqa_changestream,2024-11-25 20:30:15 UTC,98097,POTATOES GOLD (BULK & BAG),PROD_SB,"[{'variationType': 'Package Size', 'variationName': 'Bulk', 'dqaHelperChecked': False, 'secondaryDqaHelperChecked': False, 'displayFlag': False}]",subcommodity_dqa_671a80248d26a628ef13f843_1732566615,"{'operationType': 'replace', 'timestamp': Timestamp(1732566615, 20), 'readableTimestamp': '2024-11-25 20:30:15 UTC', 'documentKey': {'_id': ObjectId('671a80248d26a628ef13f843')}, 'clientInfo': {}, 'updateDescription': {}}"
subcommodity_dqa_changestream,2024-12-04 15:24:28 UTC,40906,FRESH KITCHENS GUACAMOLE/SALSA/PICO,PROD_SB,,subcommodity_dqa_671a80248d26a628ef13f806_1733325868,"{'operationType': 'delete', 'timestamp': Timestamp(1733325868, 1), 'readableTimestamp': '2024-12-04 15:24:28 UTC', 'documentKey': {'_id': ObjectId('671a80248d26a628ef13f806')}, 'clientInfo': {}, 'updateDescription': {}}"
subcommodity_dqa_changestream,2024-11-25 21:03:53 UTC,98154,POTATOES SWEET & YAMS,PROD_SB,"[{'variationType': 'Package Size', 'variationName': 'Bulk', 'dqaHelperChecked': False, 'secondaryDqaHelperChecked': False, 'displayFlag': False}]",subcommodity_dqa_671a80248d26a628ef13f737_1732568633,"{'operationType': 'replace', 'timestamp': Timestamp(1732568633, 5), 'readableTimestamp': '2024-11-25 21:03:53 UTC', 'documentKey': {'_id': ObjectId('671a80248d26a628ef13f737')}, 'clientInfo': {}, 'updateDescription': {}}"
subcommodity_dqa_changestream,2024-11-22 17:10:29 UTC,98013,ORANGES NAVELS ALL,PROD_SB,"[{'variationType': 'Origin', 'variationName': 'Texas', 'dqaHelperChecked': False, 'secondaryDqaHelperChecked': False, 'displayFlag': False}]",subcommodity_dqa_671a80248d26a628ef13f967_1732295429,"{'operationType': 'replace', 'timestamp': Timestamp(1732295429, 1), 'readableTimestamp': '2024-11-22 17:10:29 UTC', 'documentKey': {'_id': ObjectId('671a80248d26a628ef13f967')}, 'clientInfo': {}, 'updateDescription': {}}"
subcommodity_dqa_changestream,2024-11-25 20:39:55 UTC,98151,POTATOES RUSSET (BULK & BAG),PROD_SB,"[{'variationType': 'Package Size', 'variationName': '5lb Bag', 'dqaHelperChecked': False, 'secondaryDqaHelperChecked': False, 'displayFlag': False}]",subcommodity_dqa_671a80248d26a628ef13f72b_1732567195,"{'operationType': 'replace', 'timestamp': Timestamp(1732567195, 3), 'readableTimestamp': '2024-11-25 20:39:55 UTC', 'documentKey': {'_id': ObjectId('671a80248d26a628ef13f72b')}, 'clientInfo': {}, 'updateDescription': {}}"
subcommodity_dqa_changestream,2024-11-22 21:05:52 UTC,60210,GRAPEFRUIT ORGANIC,PROD_SB,"[{'variationType': 'Origin', 'variationName': 'TEXAS', 'dqaHelperChecked': False, 'secondaryVariationType': 'Package Size', 'secondaryVariationName': 'Bulk', 'secondaryDqaHelperChecked': False, 'displayFlag': False}]",subcommodity_dqa_671a80248d26a628ef13f957_1732309552,"{'operationType': 'replace', 'timestamp': Timestamp(1732309552, 6), 'readableTimestamp': '2024-11-22 21:05:52 UTC', 'documentKey': {'_id': ObjectId('671a80248d26a628ef13f957')}, 'clientInfo': {}, 'updateDescription': {}}"
subcommodity_dqa_changestream,2024-12-04 15:15:20 UTC,40807,FRESH KITCHENS FRUIT TRAYS,PROD_SB,,subcommodity_dqa_671a80248d26a628ef13f6ac_1733325320,"{'operationType': 'delete', 'timestamp': Timestamp(1733325320, 1), 'readableTimestamp': '2024-12-04 15:15:20 UTC', 'documentKey': {'_id': ObjectId('671a80248d26a628ef13f6ac')}, 'clientInfo': {}, 'updateDescription': {}}"
subcommodity_dqa_changestream,2024-11-25 20:11:25 UTC,61802,POTATOES RED (BULK & BAG) ORGANIC,PROD_SB,"[{'variationType': 'Package Size', 'variationName': 'Other', 'dqaHelperChecked': False, 'secondaryDqaHelperChecked': False, 'displayFlag': False}]",subcommodity_dqa_671a80248d26a628ef13f721_1732565485,"{'operationType': 'replace', 'timestamp': Timestamp(1732565485, 5), 'readableTimestamp': '2024-11-25 20:11:25 UTC', 'documentKey': {'_id': ObjectId('671a80248d26a628ef13f721')}, 'clientInfo': {}, 'updateDescription': {}}"
subcommodity_dqa_changestream,2024-11-25 21:09:07 UTC,98155,POTATOES WHITE (BULK & BAG),PROD_SB,"[{'variationType': 'Package Size', 'variationName': 'Size A', 'dqaHelperChecked': False, 'secondaryDqaHelperChecked': False, 'displayFlag': False}]",subcommodity_dqa_671a80248d26a628ef13f95f_1732568947,"{'operationType': 'replace', 'timestamp': Timestamp(1732568947, 1), 'readableTimestamp': '2024-11-25 21:09:07 UTC', 'documentKey': {'_id': ObjectId('671a80248d26a628ef13f95f')}, 'clientInfo': {}, 'updateDescription': {}}"
subcommodity_dqa_changestream,2024-11-22 17:02:35 UTC,98002,Grapefruit,PROD_SB,"[{'variationType': 'Origin', 'variationName': 'California', 'dqaHelperChecked': False, 'secondaryVariationType': 'Package Size', 'secondaryVariationName': 'Bulk', 'secondaryDqaHelperChecked': False, 'displayFlag': False}]",subcommodity_dqa_671a80248d26a628ef13f94f_1732294955,"{'operationType': 'replace', 'timestamp': Timestamp(1732294955, 2), 'readableTimestamp': '2024-11-22 17:02:35 UTC', 'documentKey': {'_id': ObjectId('671a80248d26a628ef13f94f')}, 'clientInfo': {}, 'updateDescription': {}}"
subcommodity_dqa_changestream,2024-11-21 19:25:18 UTC,61092,CARROTS BAGGED ORGANIC,PROD_SB,"[{'variationType': 'Package Size', 'variationName': '5 lb Bag', 'dqaHelperChecked': False, 'secondaryDqaHelperChecked': False, 'displayFlag': False}]",subcommodity_dqa_671a80248d26a628ef13f938_1732217118,"{'operationType': 'replace', 'timestamp': Timestamp(1732217118, 3), 'readableTimestamp': '2024-11-21 19:25:18 UTC', 'documentKey': {'_id': ObjectId('671a80248d26a628ef13f938')}, 'clientInfo': {}, 'updateDescription': {}}"
subcommodity_dqa_changestream,2024-12-11 12:10:19 UTC,98035,STRAWBERRIES,PROD_SB,"[{'variationType': 'Package Size', 'variationName': '2 lb Clamshell', 'dqaHelperChecked': False, 'secondaryDqaHelperChecked': False, 'displayFlag': False}]",subcommodity_dqa_671a80248d26a628ef13f91b_1733919019,"{'operationType': 'replace', 'timestamp': Timestamp(1733919019, 3), 'readableTimestamp': '2024-12-11 12:10:19 UTC', 'documentKey': {'_id': ObjectId('671a80248d26a628ef13f91b')}, 'clientInfo': {}, 'updateDescription': {}}"
subcommodity_dqa_changestream,2024-11-25 21:03:53 UTC,98154,POTATOES SWEET & YAMS,PROD_SB,"[{'variationType': 'Package Size', 'variationName': '8 oz Microwaveable', 'dqaHelperChecked': False, 'secondaryDqaHelperChecked': False, 'displayFlag': False}]",subcommodity_dqa_671a80248d26a628ef13f725_1732568633,"{'operationType': 'replace', 'timestamp': Timestamp(1732568633, 2), 'readableTimestamp': '2024-11-25 21:03:53 UTC', 'documentKey': {'_id': ObjectId('671a80248d26a628ef13f725')}, 'clientInfo': {}, 'updateDescription': {}}"
subcommodity_dqa_changestream,2024-11-21 19:25:18 UTC,61092,CARROTS BAGGED ORGANIC,PROD_SB,"[{'variationType': 'Package Size', 'variationName': '1 lb Bag', 'dqaHelperChecked': False, 'secondaryDqaHelperChecked': False, 'displayFlag': False}]",subcommodity_dqa_671a80248d26a628ef13f93b_1732217118,"{'operationType': 'replace', 'timestamp': Timestamp(1732217118, 12), 'readableTimestamp': '2024-11-21 19:25:18 UTC', 'documentKey': {'_id': ObjectId('671a80248d26a628ef13f93b')}, 'clientInfo': {}, 'updateDescription': {}}"
subcommodity_dqa_changestream,2024-11-25 19:26:13 UTC,98016,BLUEBERRIES,PROD_SB,,subcommodity_dqa_671a80248d26a628ef13f910_1732562773,"{'operationType': 'replace', 'timestamp': Timestamp(1732562773, 1), 'readableTimestamp': '2024-11-25 19:26:13 UTC', 'documentKey': {'_id': ObjectId('671a80248d26a628ef13f910')}, 'clientInfo': {}, 'updateDescription': {}}"
subcommodity_dqa_changestream,2024-11-22 17:05:51 UTC,98002,Grapefruit,PROD_SB,"[{'variationType': 'Origin', 'variationName': 'Texas', 'dqaHelperChecked': False, 'secondaryVariationType': 'Package Size', 'secondaryVariationName': '5 lb Bag', 'secondaryDqaHelperChecked': False, 'displayFlag': False}]",subcommodity_dqa_671a80248d26a628ef13f948_1732294954,"{'operationType': 'replace', 'timestamp': Timestamp(1732294954, 1), 'readableTimestamp': '2024-11-22 17:02:34 UTC', 'documentKey': {'_id': ObjectId('671a80248d26a628ef13f948')}, 'clientInfo': {}, 'updateDescription': {}}"
subcommodity_dqa_changestream,2024-12-04 15:35:28 UTC,98090,PINEAPPLE WEDGE/SLICED/CHUNKS PREPACK,PROD_SB,,subcommodity_dqa_671a80248d26a628ef13f804_1733326528,"{'operationType': 'delete', 'timestamp': Timestamp(1733326528, 1), 'readableTimestamp': '2024-12-04 15:35:28 UTC', 'documentKey': {'_id': ObjectId('671a80248d26a628ef13f804')}, 'clientInfo': {}, 'updateDescription': {}}"
subcommodity_dqa_changestream,2024-12-04 15:43:24 UTC,86401,JUICE BAR JUICE DINE IN,PROD_SB,,subcommodity_dqa_671a80248d26a628ef13f6bf_1733327004,"{'operationType': 'delete', 'timestamp': Timestamp(1733327004, 1), 'readableTimestamp': '2024-12-04 15:43:24 UTC', 'documentKey': {'_id': ObjectId('671a80248d26a628ef13f6bf')}, 'clientInfo': {}, 'updateDescription': {}}"
subcommodity_dqa_changestream,2024-11-25 20:39:55 UTC,98151,POTATOES RUSSET (BULK & BAG),PROD_SB,"[{'variationType': 'Package Size', 'variationName': '4 Count Tray', 'dqaHelperChecked': False, 'secondaryDqaHelperChecked': False, 'displayFlag': False}]",subcommodity_dqa_671a80248d26a628ef13f729_1732567195,"{'operationType': 'replace', 'timestamp': Timestamp(1732567195, 2), 'readableTimestamp': '2024-11-25 20:39:55 UTC', 'documentKey': {'_id': ObjectId('671a80248d26a628ef13f729')}, 'clientInfo': {}, 'updateDescription': {}}"
subcommodity_dqa_changestream,2024-12-04 15:19:06 UTC,40801,FRESH KITCHENS GRAPES,PROD_SB,,subcommodity_dqa_671a80248d26a628ef13f6a6_1733325546,"{'operationType': 'delete', 'timestamp': Timestamp(1733325546, 5), 'readableTimestamp': '2024-12-04 15:19:06 UTC', 'documentKey': {'_id': ObjectId('671a80248d26a628ef13f6a6')}, 'clientInfo': {}, 'updateDescription': {}}"
subcommodity_dqa_changestream,2024-11-25 20:15:07 UTC,63206,POTATOES SWEET ORGANIC,PROD_SB,"[{'variationType': 'Package Size', 'variationName': '3 lb Bag', 'dqaHelperChecked': False, 'secondaryDqaHelperChecked': False, 'displayFlag': False}]",subcommodity_dqa_671a80248d26a628ef13f720_1732565707,"{'operationType': 'replace', 'timestamp': Timestamp(1732565707, 7), 'readableTimestamp': '2024-11-25 20:15:07 UTC', 'documentKey': {'_id': ObjectId('671a80248d26a628ef13f720')}, 'clientInfo': {}, 'updateDescription': {}}"
subcommodity_dqa_changestream,2024-11-22 21:05:52 UTC,60210,GRAPEFRUIT ORGANIC,PROD_SB,"[{'variationType': 'Origin', 'variationName': 'California', 'dqaHelperChecked': False, 'secondaryVariationType': 'Package Size', 'secondaryVariationName': 'Other', 'secondaryDqaHelperChecked': False, 'displayFlag': False}]",subcommodity_dqa_671a80248d26a628ef13f954_1732309552,"{'operationType': 'replace', 'timestamp': Timestamp(1732309552, 3), 'readableTimestamp': '2024-11-22 21:05:52 UTC', 'documentKey': {'_id': ObjectId('671a80248d26a628ef13f954')}, 'clientInfo': {}, 'updateDescription': {}}"
subcommodity_dqa_changestream,2024-11-25 20:39:55 UTC,98151,POTATOES RUSSET (BULK & BAG),PROD_SB,"[{'variationType': 'Package Size', 'variationName': '5 lb Idaho Bag', 'dqaHelperChecked': False, 'secondaryDqaHelperChecked': False, 'displayFlag': False}]",subcommodity_dqa_671a80248d26a628ef13f730_1732567195,"{'operationType': 'replace', 'timestamp': Timestamp(1732567195, 5), 'readableTimestamp': '2024-11-25 20:39:55 UTC', 'documentKey': {'_id': ObjectId('671a80248d26a628ef13f730')}, 'clientInfo': {}, 'updateDescription': {}}"
subcommodity_dqa_changestream,2024-11-22 17:02:35 UTC,98002,Grapefruit,PROD_SB,"[{'variationType': 'Origin', 'variationName': 'Pummelo', 'dqaHelperChecked': False, 'secondaryVariationType': 'Package Size', 'secondaryVariationName': 'Bulk', 'secondaryDqaHelperChecked': False, 'displayFlag': False}]",subcommodity_dqa_671ffa214ef8dc5639274f81_1732294955,"{'operationType': 'replace', 'timestamp': Timestamp(1732294955, 5), 'readableTimestamp': '2024-11-22 17:02:35 UTC', 'documentKey': {'_id': ObjectId('671ffa214ef8dc5639274f81')}, 'clientInfo': {}, 'updateDescription': {}}"
subcommodity_dqa_changestream,2024-11-22 17:02:35 UTC,98002,Grapefruit,PROD_SB,"[{'variationType': 'Origin', 'variationName': 'FLORIDA', 'dqaHelperChecked': False, 'secondaryVariationType': 'Package Size', 'secondaryVariationName': 'Bulk', 'secondaryDqaHelperChecked': False, 'displayFlag': False}]",subcommodity_dqa_671a80248d26a628ef13f950_1732294955,"{'operationType': 'replace', 'timestamp': Timestamp(1732294955, 3), 'readableTimestamp': '2024-11-22 17:02:35 UTC', 'documentKey': {'_id': ObjectId('671a80248d26a628ef13f950')}, 'clientInfo': {}, 'updateDescription': {}}"
subcommodity_dqa_changestream,2024-11-22 17:13:24 UTC,60213,ORANGES NAVELS ALL ORGANIC,PROD_SB,"[{'variationType': 'Origin', 'variationName': 'Arizona', 'dqaHelperChecked': False, 'secondaryDqaHelperChecked': False, 'displayFlag': False}]",subcommodity_dqa_671a80248d26a628ef13f930_1732295604,"{'operationType': 'replace', 'timestamp': Timestamp(1732295604, 4), 'readableTimestamp': '2024-11-22 17:13:24 UTC', 'documentKey': {'_id': ObjectId('671a80248d26a628ef13f930')}, 'clientInfo': {}, 'updateDescription': {}}"
subcommodity_dqa_changestream,2024-11-22 17:10:29 UTC,98013,ORANGES NAVELS ALL,PROD_SB,"[{'variationType': 'Origin', 'variationName': 'Florida', 'dqaHelperChecked': False, 'secondaryDqaHelperChecked': False, 'displayFlag': False}]",subcommodity_dqa_671a80248d26a628ef13f968_1732295429,"{'operationType': 'replace', 'timestamp': Timestamp(1732295429, 2), 'readableTimestamp': '2024-11-22 17:10:29 UTC', 'documentKey': {'_id': ObjectId('671a80248d26a628ef13f968')}, 'clientInfo': {}, 'updateDescription': {}}"
subcommodity_dqa_changestream,2024-11-21 19:25:18 UTC,61092,CARROTS BAGGED ORGANIC,PROD_SB,"[{'variationType': 'Package Size', 'variationName': 'Other', 'dqaHelperChecked': False, 'secondaryDqaHelperChecked': False, 'displayFlag': False}]",subcommodity_dqa_671a80248d26a628ef13f93a_1732217118,"{'operationType': 'replace', 'timestamp': Timestamp(1732217118, 9), 'readableTimestamp': '2024-11-21 19:25:18 UTC', 'documentKey': {'_id': ObjectId('671a80248d26a628ef13f93a')}, 'clientInfo': {}, 'updateDescription': {}}"
subcommodity_dqa_changestream,2024-11-22 17:05:51 UTC,98002,Grapefruit,PROD_SB,"[{'variationType': 'Origin', 'variationName': 'Texas', 'dqaHelperChecked': False, 'secondaryVariationType': 'Package Size', 'secondaryVariationName': 'Other', 'secondaryDqaHelperChecked': False, 'displayFlag': False}]",subcommodity_dqa_671a80248d26a628ef13f94b_1732294954,"{'operationType': 'replace', 'timestamp': Timestamp(1732294954, 4), 'readableTimestamp': '2024-11-22 17:02:34 UTC', 'documentKey': {'_id': ObjectId('671a80248d26a628ef13f94b')}, 'clientInfo': {}, 'updateDescription': {}}"
subcommodity_dqa_changestream,2024-11-22 17:13:24 UTC,60213,ORANGES NAVELS ALL ORGANIC,PROD_SB,"[{'variationType': 'Origin', 'variationName': 'CALIFORNIA', 'dqaHelperChecked': False, 'secondaryDqaHelperChecked': False, 'displayFlag': False}]",subcommodity_dqa_671a80248d26a628ef13f92f_1732295604,"{'operationType': 'replace', 'timestamp': Timestamp(1732295604, 3), 'readableTimestamp': '2024-11-22 17:13:24 UTC', 'documentKey': {'_id': ObjectId('671a80248d26a628ef13f92f')}, 'clientInfo': {}, 'updateDescription': {}}"
subcommodity_dqa_changestream,2024-12-04 15:35:44 UTC,63901,PARFAIT CUPS INSTORE,PROD_SB,,subcommodity_dqa_671a80248d26a628ef13f6e1_1733326544,"{'operationType': 'delete', 'timestamp': Timestamp(1733326544, 8), 'readableTimestamp': '2024-12-04 15:35:44 UTC', 'documentKey': {'_id': ObjectId('671a80248d26a628ef13f6e1')}, 'clientInfo': {}, 'updateDescription': {}}"
subcommodity_dqa_changestream,2024-11-25 21:09:07 UTC,98155,POTATOES WHITE (BULK & BAG),PROD_SB,"[{'variationType': 'Package Size', 'variationName': '5 lb Bag', 'dqaHelperChecked': False, 'secondaryDqaHelperChecked': False, 'displayFlag': False}]",subcommodity_dqa_671a80248d26a628ef13f964_1732568947,"{'operationType': 'replace', 'timestamp': Timestamp(1732568947, 3), 'readableTimestamp': '2024-11-25 21:09:07 UTC', 'documentKey': {'_id': ObjectId('671a80248d26a628ef13f964')}, 'clientInfo': {}, 'updateDescription': {}}"
subcommodity_dqa_changestream,2024-12-04 15:36:22 UTC,98189,MELONS INSTORE CUT,PROD_SB,,subcommodity_dqa_671a80248d26a628ef13f6e5_1733326582,"{'operationType': 'delete', 'timestamp': Timestamp(1733326582, 1), 'readableTimestamp': '2024-12-04 15:36:22 UTC', 'documentKey': {'_id': ObjectId('671a80248d26a628ef13f6e5')}, 'clientInfo': {}, 'updateDescription': {}}"
subcommodity_dqa_changestream,2024-12-10 21:12:59 UTC,60016,APPLES COSMIC CRISP,PROD_SB,"[{'variationType': 'Package Size', 'variationName': 'Bulk', 'dqaHelperChecked': False, 'secondaryDqaHelperChecked': False, 'displayFlag': False}]",subcommodity_dqa_671a80248d26a628ef13f770_1733865179,"{'operationType': 'replace', 'timestamp': Timestamp(1733865179, 23), 'readableTimestamp': '2024-12-10 21:12:59 UTC', 'documentKey': {'_id': ObjectId('671a80248d26a628ef13f770')}, 'clientInfo': {}, 'updateDescription': {}}"
subcommodity_dqa_changestream,2024-11-25 21:09:07 UTC,98155,POTATOES WHITE (BULK & BAG),PROD_SB,"[{'variationType': 'Package Size', 'variationName': 'Other', 'dqaHelperChecked': False, 'secondaryDqaHelperChecked': False, 'displayFlag': False}]",subcommodity_dqa_671a80248d26a628ef13f960_1732568947,"{'operationType': 'replace', 'timestamp': Timestamp(1732568947, 2), 'readableTimestamp': '2024-11-25 21:09:07 UTC', 'documentKey': {'_id': ObjectId('671a80248d26a628ef13f960')}, 'clientInfo': {}, 'updateDescription': {}}"
subcommodity_dqa_changestream,2024-12-11 12:10:19 UTC,98035,STRAWBERRIES,PROD_SB,"[{'variationType': 'Package Size', 'variationName': '1 lb Clamshell', 'dqaHelperChecked': False, 'secondaryDqaHelperChecked': False, 'displayFlag': False}]",subcommodity_dqa_671a80248d26a628ef13f91c_1733919019,"{'operationType': 'replace', 'timestamp': Timestamp(1733919019, 4), 'readableTimestamp': '2024-12-11 12:10:19 UTC', 'documentKey': {'_id': ObjectId('671a80248d26a628ef13f91c')}, 'clientInfo': {}, 'updateDescription': {}}"
subcommodity_dqa_changestream,2024-11-25 20:15:07 UTC,63206,POTATOES SWEET ORGANIC,PROD_SB,"[{'variationType': 'Package Size', 'variationName': 'Other', 'dqaHelperChecked': False, 'secondaryDqaHelperChecked': False, 'displayFlag': False}]",subcommodity_dqa_671a80248d26a628ef13f736_1732565707,"{'operationType': 'replace', 'timestamp': Timestamp(1732565707, 10), 'readableTimestamp': '2024-11-25 20:15:07 UTC', 'documentKey': {'_id': ObjectId('671a80248d26a628ef13f736')}, 'clientInfo': {}, 'updateDescription': {}}"
subcommodity_dqa_changestream,2024-11-25 21:13:16 UTC,98451,POTATOES GOURMET,PROD_SB,"[{'variationType': 'Varietal', 'variationName': 'Microwave', 'dqaHelperChecked': False, 'secondaryDqaHelperChecked': False, 'displayFlag': False}]",subcommodity_dqa_671a80248d26a628ef13f83f_1732569196,"{'operationType': 'replace', 'timestamp': Timestamp(1732569196, 762), 'readableTimestamp': '2024-11-25 21:13:16 UTC', 'documentKey': {'_id': ObjectId('671a80248d26a628ef13f83f')}, 'clientInfo': {}, 'updateDescription': {}}"
subcommodity_dqa_changestream,2024-11-25 19:51:35 UTC,61801,POTATOES RUSSET (BULK & BAG) ORGANIC,PROD_SB,"[{'variationType': 'Package Size', 'variationName': 'Other', 'dqaHelperChecked': False, 'secondaryDqaHelperChecked': False, 'displayFlag': False}]",subcommodity_dqa_671a80248d26a628ef13f727_1732564295,"{'operationType': 'replace', 'timestamp': Timestamp(1732564295, 2), 'readableTimestamp': '2024-11-25 19:51:35 UTC', 'documentKey': {'_id': ObjectId('671a80248d26a628ef13f727')}, 'clientInfo': {}, 'updateDescription': {}}"
subcommodity_dqa_changestream,2024-11-25 20:48:34 UTC,98152,POTATOES RED (BULK & BAG),PROD_SB,"[{'variationType': 'Package Size', 'variationName': 'Size A', 'dqaHelperChecked': False, 'secondaryDqaHelperChecked': False, 'displayFlag': False}]",subcommodity_dqa_671a80248d26a628ef13f963_1732129482,"{'operationType': 'replace', 'timestamp': Timestamp(1732129482, 15), 'readableTimestamp': '2024-11-20 19:04:42 UTC', 'documentKey': {'_id': ObjectId('671a80248d26a628ef13f963')}, 'clientInfo': {}, 'updateDescription': {}}"
subcommodity_dqa_changestream,2024-11-25 20:39:55 UTC,98151,POTATOES RUSSET (BULK & BAG),PROD_SB,"[{'variationType': 'Package Size', 'variationName': '10 lb Bag', 'dqaHelperChecked': False, 'secondaryDqaHelperChecked': False, 'displayFlag': False}]",subcommodity_dqa_671a80248d26a628ef13f732_1732567195,"{'operationType': 'replace', 'timestamp': Timestamp(1732567195, 6), 'readableTimestamp': '2024-11-25 20:39:55 UTC', 'documentKey': {'_id': ObjectId('671a80248d26a628ef13f732')}, 'clientInfo': {}, 'updateDescription': {}}"
subcommodity_dqa_changestream,2024-12-04 15:42:57 UTC,86403,JUICE BAR SMOOTHIE DINE IN,PROD_SB,,subcommodity_dqa_671a80248d26a628ef13f6c1_1733326977,"{'operationType': 'delete', 'timestamp': Timestamp(1733326977, 1), 'readableTimestamp': '2024-12-04 15:42:57 UTC', 'documentKey': {'_id': ObjectId('671a80248d26a628ef13f6c1')}, 'clientInfo': {}, 'updateDescription': {}}"
subcommodity_dqa_changestream,2024-11-25 20:48:34 UTC,98152,POTATOES RED (BULK & BAG),PROD_SB,"[{'variationType': 'Package Size', 'variationName': 'Other', 'dqaHelperChecked': False, 'secondaryDqaHelperChecked': False, 'displayFlag': False}]",subcommodity_dqa_671a80248d26a628ef13f961_1732129482,"{'operationType': 'replace', 'timestamp': Timestamp(1732129482, 11), 'readableTimestamp': '2024-11-20 19:04:42 UTC', 'documentKey': {'_id': ObjectId('671a80248d26a628ef13f961')}, 'clientInfo': {}, 'updateDescription': {}}"
subcommodity_dqa_changestream,2024-11-22 21:05:52 UTC,60210,GRAPEFRUIT ORGANIC,PROD_SB,"[{'variationType': 'Origin', 'variationName': 'FLORIDA', 'dqaHelperChecked': False, 'secondaryVariationType': 'Package Size', 'secondaryVariationName': '5 lb Bag', 'secondaryDqaHelperChecked': False, 'displayFlag': False}]",subcommodity_dqa_671a80248d26a628ef13f95b_1732309552,"{'operationType': 'replace', 'timestamp': Timestamp(1732309552, 15), 'readableTimestamp': '2024-11-22 21:05:52 UTC', 'documentKey': {'_id': ObjectId('671a80248d26a628ef13f95b')}, 'clientInfo': {}, 'updateDescription': {}}"
subcommodity_dqa_changestream,2024-11-22 21:05:52 UTC,60210,GRAPEFRUIT ORGANIC,PROD_SB,"[{'variationType': 'Origin', 'variationName': 'California', 'dqaHelperChecked': False, 'secondaryVariationType': 'Package Size', 'secondaryVariationName': 'Bulk', 'secondaryDqaHelperChecked': False, 'displayFlag': False}]",subcommodity_dqa_671a80248d26a628ef13f958_1732309552,"{'operationType': 'replace', 'timestamp': Timestamp(1732309552, 8), 'readableTimestamp': '2024-11-22 21:05:52 UTC', 'documentKey': {'_id': ObjectId('671a80248d26a628ef13f958')}, 'clientInfo': {}, 'updateDescription': {}}"
subcommodity_dqa_changestream,2024-11-22 17:10:30 UTC,98013,ORANGES NAVELS ALL,PROD_SB,"[{'variationType': 'Origin', 'variationName': 'California', 'dqaHelperChecked': False, 'secondaryDqaHelperChecked': False, 'displayFlag': False}]",subcommodity_dqa_671a80248d26a628ef13f96a_1732295430,"{'operationType': 'replace', 'timestamp': Timestamp(1732295430, 2), 'readableTimestamp': '2024-11-22 17:10:30 UTC', 'documentKey': {'_id': ObjectId('671a80248d26a628ef13f96a')}, 'clientInfo': {}, 'updateDescription': {}}"
subcommodity_dqa_changestream,2024-12-10 21:12:59 UTC,60016,APPLES COSMIC CRISP,PROD_SB,"[{'variationType': 'Package Size', 'variationName': 'Other', 'dqaHelperChecked': False, 'secondaryDqaHelperChecked': False, 'displayFlag': False}]",subcommodity_dqa_671a80248d26a628ef13f76e_1733865179,"{'operationType': 'replace', 'timestamp': Timestamp(1733865179, 17), 'readableTimestamp': '2024-12-10 21:12:59 UTC', 'documentKey': {'_id': ObjectId('671a80248d26a628ef13f76e')}, 'clientInfo': {}, 'updateDescription': {}}"
subcommodity_dqa_changestream,2024-11-25 19:51:35 UTC,61801,POTATOES RUSSET (BULK & BAG) ORGANIC,PROD_SB,"[{'variationType': 'Package Size', 'variationName': '3 lb Bag', 'dqaHelperChecked': False, 'secondaryDqaHelperChecked': False, 'displayFlag': False}]",subcommodity_dqa_671a80248d26a628ef13f726_1732564295,"{'operationType': 'replace', 'timestamp': Timestamp(1732564295, 1), 'readableTimestamp': '2024-11-25 19:51:35 UTC', 'documentKey': {'_id': ObjectId('671a80248d26a628ef13f726')}, 'clientInfo': {}, 'updateDescription': {}}"
subcommodity_dqa_changestream,2024-12-04 15:43:10 UTC,86402,JUICE BAR JUICE TAKE OUT,PROD_SB,,subcommodity_dqa_671a80248d26a628ef13f6c0_1733326990,"{'operationType': 'delete', 'timestamp': Timestamp(1733326990, 1), 'readableTimestamp': '2024-12-04 15:43:10 UTC', 'documentKey': {'_id': ObjectId('671a80248d26a628ef13f6c0')}, 'clientInfo': {}, 'updateDescription': {}}"
subcommodity_dqa_changestream,2024-12-04 15:17:58 UTC,40809,FRESH KITCHENS WATERMELON,PROD_SB,,subcommodity_dqa_671a80248d26a628ef13f6ae_1733325478,"{'operationType': 'delete', 'timestamp': Timestamp(1733325478, 2), 'readableTimestamp': '2024-12-04 15:17:58 UTC', 'documentKey': {'_id': ObjectId('671a80248d26a628ef13f6ae')}, 'clientInfo': {}, 'updateDescription': {}}"
subcommodity_dqa_changestream,2024-12-10 18:05:52 UTC,98072,GARLIC WHOLE CLOVES,PROD_SB,,subcommodity_dqa_671a80248d26a628ef13f8be_1733853952,"{'operationType': 'replace', 'timestamp': Timestamp(1733853952, 1), 'readableTimestamp': '2024-12-10 18:05:52 UTC', 'documentKey': {'_id': ObjectId('671a80248d26a628ef13f8be')}, 'clientInfo': {}, 'updateDescription': {}}"
subcommodity_dqa_changestream,2024-11-25 20:30:15 UTC,98097,POTATOES GOLD (BULK & BAG),PROD_SB,"[{'variationType': 'Package Size', 'variationName': '5 lb Bag', 'dqaHelperChecked': False, 'secondaryDqaHelperChecked': False, 'displayFlag': False}]",subcommodity_dqa_671a80248d26a628ef13f840_1732566615,"{'operationType': 'replace', 'timestamp': Timestamp(1732566615, 13), 'readableTimestamp': '2024-11-25 20:30:15 UTC', 'documentKey': {'_id': ObjectId('671a80248d26a628ef13f840')}, 'clientInfo': {}, 'updateDescription': {}}"
subcommodity_dqa_changestream,2024-11-25 21:13:16 UTC,98451,POTATOES GOURMET,PROD_SB,"[{'variationType': 'Varietal', 'variationName': 'PS Gourmet Baby', 'dqaHelperChecked': False, 'secondaryDqaHelperChecked': False, 'displayFlag': False}]",subcommodity_dqa_671a80248d26a628ef13f83e_1732569196,"{'operationType': 'replace', 'timestamp': Timestamp(1732569196, 761), 'readableTimestamp': '2024-11-25 21:13:16 UTC', 'documentKey': {'_id': ObjectId('671a80248d26a628ef13f83e')}, 'clientInfo': {}, 'updateDescription': {}}"
subcommodity_dqa_changestream,2024-11-26 14:14:30 UTC,98130,HEAD LETTUCE,PROD_SB,"[{'variationType': 'Varietal', 'variationName': 'Iceberg', 'dqaHelperChecked': False, 'secondaryDqaHelperChecked': False, 'displayFlag': False}]",subcommodity_dqa_671a80248d26a628ef13f8e6_1732630470,"{'operationType': 'replace', 'timestamp': Timestamp(1732630470, 3), 'readableTimestamp': '2024-11-26 14:14:30 UTC', 'documentKey': {'_id': ObjectId('671a80248d26a628ef13f8e6')}, 'clientInfo': {}, 'updateDescription': {}}"
subcommodity_dqa_changestream,2024-12-04 15:36:56 UTC,98088,MELON HALVES/QUARTERS PREPACK,PROD_SB,,subcommodity_dqa_671a80248d26a628ef13f803_1733326616,"{'operationType': 'delete', 'timestamp': Timestamp(1733326616, 1), 'readableTimestamp': '2024-12-04 15:36:56 UTC', 'documentKey': {'_id': ObjectId('671a80248d26a628ef13f803')}, 'clientInfo': {}, 'updateDescription': {}}"
subcommodity_dqa_changestream,2024-12-04 15:37:13 UTC,98089,INSTORE CUT FRUIT,PROD_SB,,subcommodity_dqa_671a80248d26a628ef13f6e3_1733326633,"{'operationType': 'delete', 'timestamp': Timestamp(1733326633, 1), 'readableTimestamp': '2024-12-04 15:37:13 UTC', 'documentKey': {'_id': ObjectId('671a80248d26a628ef13f6e3')}, 'clientInfo': {}, 'updateDescription': {}}"
subcommodity_dqa_changestream,2024-12-11 12:10:19 UTC,98035,STRAWBERRIES,PROD_SB,"[{'variationType': 'Package Size', 'variationName': 'Other', 'dqaHelperChecked': False, 'secondaryDqaHelperChecked': False, 'displayFlag': False}]",subcommodity_dqa_671a80248d26a628ef13f91a_1733919019,"{'operationType': 'replace', 'timestamp': Timestamp(1733919019, 2), 'readableTimestamp': '2024-12-11 12:10:19 UTC', 'documentKey': {'_id': ObjectId('671a80248d26a628ef13f91a')}, 'clientInfo': {}, 'updateDescription': {}}"
subcommodity_dqa_changestream,2024-12-04 15:18:16 UTC,40804,FRESH KITCHENS TROPICAL FRUIT,PROD_SB,,subcommodity_dqa_671a80248d26a628ef13f6a9_1733325496,"{'operationType': 'delete', 'timestamp': Timestamp(1733325496, 1), 'readableTimestamp': '2024-12-04 15:18:16 UTC', 'documentKey': {'_id': ObjectId('671a80248d26a628ef13f6a9')}, 'clientInfo': {}, 'updateDescription': {}}"
subcommodity_dqa_changestream,2024-11-22 21:05:52 UTC,60210,GRAPEFRUIT ORGANIC,PROD_SB,"[{'variationType': 'Origin', 'variationName': 'TEXAS', 'dqaHelperChecked': False, 'secondaryVariationType': 'Package Size', 'secondaryVariationName': 'Other', 'secondaryDqaHelperChecked': False, 'displayFlag': False}]",subcommodity_dqa_671a80248d26a628ef13f953_1732309552,"{'operationType': 'replace', 'timestamp': Timestamp(1732309552, 2), 'readableTimestamp': '2024-11-22 21:05:52 UTC', 'documentKey': {'_id': ObjectId('671a80248d26a628ef13f953')}, 'clientInfo': {}, 'updateDescription': {}}"
subcommodity_dqa_changestream,2024-12-04 15:42:42 UTC,63902,JUICE INSTORE PRODUCED,PROD_SB,,subcommodity_dqa_671a80248d26a628ef13f6be_1733326962,"{'operationType': 'delete', 'timestamp': Timestamp(1733326962, 3), 'readableTimestamp': '2024-12-04 15:42:42 UTC', 'documentKey': {'_id': ObjectId('671a80248d26a628ef13f6be')}, 'clientInfo': {}, 'updateDescription': {}}"
subcommodity_dqa_changestream,2024-11-25 20:15:07 UTC,63206,POTATOES SWEET ORGANIC,PROD_SB,"[{'variationType': 'Package Size', 'variationName': '1 Count', 'dqaHelperChecked': False, 'secondaryDqaHelperChecked': False, 'displayFlag': False}]",subcommodity_dqa_671a80248d26a628ef13f724_1732565707,"{'operationType': 'replace', 'timestamp': Timestamp(1732565707, 8), 'readableTimestamp': '2024-11-25 20:15:07 UTC', 'documentKey': {'_id': ObjectId('671a80248d26a628ef13f724')}, 'clientInfo': {}, 'updateDescription': {}}"
subcommodity_dqa_changestream,2024-11-22 21:05:52 UTC,60210,GRAPEFRUIT ORGANIC,PROD_SB,"[{'variationType': 'Origin', 'variationName': 'TEXAS', 'dqaHelperChecked': False, 'secondaryVariationType': 'Package Size', 'secondaryVariationName': '5 lb Bag', 'secondaryDqaHelperChecked': False, 'displayFlag': False}]",subcommodity_dqa_671a80248d26a628ef13f95a_1732309552,"{'operationType': 'replace', 'timestamp': Timestamp(1732309552, 11), 'readableTimestamp': '2024-11-22 21:05:52 UTC', 'documentKey': {'_id': ObjectId('671a80248d26a628ef13f95a')}, 'clientInfo': {}, 'updateDescription': {}}"
subcommodity_dqa_changestream,2024-11-25 20:30:15 UTC,98097,POTATOES GOLD (BULK & BAG),PROD_SB,"[{'variationType': 'Package Size', 'variationName': 'Size A', 'dqaHelperChecked': False, 'secondaryDqaHelperChecked': False, 'displayFlag': False}]",subcommodity_dqa_671a80248d26a628ef13f842_1732566615,"{'operationType': 'replace', 'timestamp': Timestamp(1732566615, 17), 'readableTimestamp': '2024-11-25 20:30:15 UTC', 'documentKey': {'_id': ObjectId('671a80248d26a628ef13f842')}, 'clientInfo': {}, 'updateDescription': {}}"
subcommodity_dqa_changestream,2024-11-22 17:10:30 UTC,98013,ORANGES NAVELS ALL,PROD_SB,"[{'variationType': 'Origin', 'variationName': 'Arizona', 'dqaHelperChecked': False, 'secondaryDqaHelperChecked': False, 'displayFlag': False}]",subcommodity_dqa_671a80248d26a628ef13f969_1732295430,"{'operationType': 'replace', 'timestamp': Timestamp(1732295430, 1), 'readableTimestamp': '2024-11-22 17:10:30 UTC', 'documentKey': {'_id': ObjectId('671a80248d26a628ef13f969')}, 'clientInfo': {}, 'updateDescription': {}}"
subcommodity_dqa_changestream,2024-12-04 15:14:29 UTC,40810,FRESH KITCHENS APPLES,PROD_SB,,subcommodity_dqa_671a80248d26a628ef13f6af_1733325269,"{'operationType': 'delete', 'timestamp': Timestamp(1733325269, 1), 'readableTimestamp': '2024-12-04 15:14:29 UTC', 'documentKey': {'_id': ObjectId('671a80248d26a628ef13f6af')}, 'clientInfo': {}, 'updateDescription': {}}"
subcommodity_dqa_changestream,2024-11-25 20:39:55 UTC,98151,POTATOES RUSSET (BULK & BAG),PROD_SB,"[{'variationType': 'Package Size', 'variationName': 'Jumbo 8 lb Bag', 'dqaHelperChecked': False, 'secondaryDqaHelperChecked': False, 'displayFlag': False}]",subcommodity_dqa_671a80248d26a628ef13f733_1732567195,"{'operationType': 'replace', 'timestamp': Timestamp(1732567195, 8), 'readableTimestamp': '2024-11-25 20:39:55 UTC', 'documentKey': {'_id': ObjectId('671a80248d26a628ef13f733')}, 'clientInfo': {}, 'updateDescription': {}}"
subcommodity_dqa_changestream,2024-11-25 19:51:35 UTC,61801,POTATOES RUSSET (BULK & BAG) ORGANIC,PROD_SB,"[{'variationType': 'Package Size', 'variationName': 'Bulk', 'dqaHelperChecked': False, 'secondaryDqaHelperChecked': False, 'displayFlag': False}]",subcommodity_dqa_671a80248d26a628ef13f72c_1732564295,"{'operationType': 'replace', 'timestamp': Timestamp(1732564295, 3), 'readableTimestamp': '2024-11-25 19:51:35 UTC', 'documentKey': {'_id': ObjectId('671a80248d26a628ef13f72c')}, 'clientInfo': {}, 'updateDescription': {}}"
subcommodity_dqa_changestream,2024-12-11 12:10:19 UTC,98035,STRAWBERRIES,PROD_SB,"[{'variationType': 'Package Size', 'variationName': 'PRIVATE SELECTION 10 oz CLAMSHELL', 'dqaHelperChecked': False, 'secondaryDqaHelperChecked': False, 'displayFlag': False}]",subcommodity_dqa_671a80248d26a628ef13f919_1733919019,"{'operationType': 'replace', 'timestamp': Timestamp(1733919019, 1), 'readableTimestamp': '2024-12-11 12:10:19 UTC', 'documentKey': {'_id': ObjectId('671a80248d26a628ef13f919')}, 'clientInfo': {}, 'updateDescription': {}}"
subcommodity_dqa_changestream,2024-12-04 15:23:22 UTC,40904,FRESH KITCHENS STICKS,PROD_SB,,subcommodity_dqa_671a80248d26a628ef13f6b4_1733325802,"{'operationType': 'delete', 'timestamp': Timestamp(1733325802, 1), 'readableTimestamp': '2024-12-04 15:23:22 UTC', 'documentKey': {'_id': ObjectId('671a80248d26a628ef13f6b4')}, 'clientInfo': {}, 'updateDescription': {}}"
subcommodity_dqa_changestream,2024-12-04 15:37:54 UTC,98107,CUT FRUIT ALL OTHER PREPACK,PROD_SB,,subcommodity_dqa_671a80248d26a628ef13f6e4_1733326674,"{'operationType': 'delete', 'timestamp': Timestamp(1733326674, 1), 'readableTimestamp': '2024-12-04 15:37:54 UTC', 'documentKey': {'_id': ObjectId('671a80248d26a628ef13f6e4')}, 'clientInfo': {}, 'updateDescription': {}}"
subcommodity_dqa_changestream,2024-11-26 15:01:34 UTC,60804,HEAD LETTUCE ORGANIC,PROD_SB,"[{'variationType': 'Varietal', 'variationName': 'Butter', 'dqaHelperChecked': False, 'secondaryDqaHelperChecked': False, 'displayFlag': False}]",subcommodity_dqa_671a80248d26a628ef13f8e8_1732633294,"{'operationType': 'replace', 'timestamp': Timestamp(1732633294, 2), 'readableTimestamp': '2024-11-26 15:01:34 UTC', 'documentKey': {'_id': ObjectId('671a80248d26a628ef13f8e8')}, 'clientInfo': {}, 'updateDescription': {}}"
subcommodity_dqa_changestream,2024-11-25 20:39:55 UTC,98151,POTATOES RUSSET (BULK & BAG),PROD_SB,"[{'variationType': 'Package Size', 'variationName': 'Microwave', 'dqaHelperChecked': False, 'secondaryDqaHelperChecked': False, 'displayFlag': False}]",subcommodity_dqa_671a80248d26a628ef13f734_1732567195,"{'operationType': 'replace', 'timestamp': Timestamp(1732567195, 9), 'readableTimestamp': '2024-11-25 20:39:55 UTC', 'documentKey': {'_id': ObjectId('671a80248d26a628ef13f734')}, 'clientInfo': {}, 'updateDescription': {}}"
subcommodity_dqa_changestream,2024-12-04 15:18:29 UTC,40802,FRESH KITCHENS PINEAPPLE,PROD_SB,,subcommodity_dqa_671a80248d26a628ef13f6a7_1733325509,"{'operationType': 'delete', 'timestamp': Timestamp(1733325509, 1), 'readableTimestamp': '2024-12-04 15:18:29 UTC', 'documentKey': {'_id': ObjectId('671a80248d26a628ef13f6a7')}, 'clientInfo': {}, 'updateDescription': {}}"
subcommodity_dqa_changestream,2024-12-04 15:18:54 UTC,40803,FRESH KITCHENS MELONS,PROD_SB,,subcommodity_dqa_671a80248d26a628ef13f6a8_1733325534,"{'operationType': 'delete', 'timestamp': Timestamp(1733325534, 1), 'readableTimestamp': '2024-12-04 15:18:54 UTC', 'documentKey': {'_id': ObjectId('671a80248d26a628ef13f6a8')}, 'clientInfo': {}, 'updateDescription': {}}"
subcommodity_dqa_changestream,2024-12-04 15:37:26 UTC,63903,FRUIT TRAYS IS,PROD_SB,,subcommodity_dqa_671a80248d26a628ef13f6e2_1733326646,"{'operationType': 'delete', 'timestamp': Timestamp(1733326646, 1), 'readableTimestamp': '2024-12-04 15:37:26 UTC', 'documentKey': {'_id': ObjectId('671a80248d26a628ef13f6e2')}, 'clientInfo': {}, 'updateDescription': {}}"
subcommodity_dqa_changestream,2024-11-25 20:48:34 UTC,98152,POTATOES RED (BULK & BAG),PROD_SB,"[{'variationType': 'Package Size', 'variationName': '5 lb Bag', 'dqaHelperChecked': False, 'secondaryDqaHelperChecked': False, 'displayFlag': False}]",subcommodity_dqa_671a80248d26a628ef13f962_1732129482,"{'operationType': 'replace', 'timestamp': Timestamp(1732129482, 14), 'readableTimestamp': '2024-11-20 19:04:42 UTC', 'documentKey': {'_id': ObjectId('671a80248d26a628ef13f962')}, 'clientInfo': {}, 'updateDescription': {}}"
subcommodity_dqa_changestream,2024-11-22 17:13:24 UTC,60213,ORANGES NAVELS ALL ORGANIC,PROD_SB,"[{'variationType': 'Origin', 'variationName': 'TEXAS', 'dqaHelperChecked': False, 'secondaryDqaHelperChecked': False, 'displayFlag': False}]",subcommodity_dqa_671a80248d26a628ef13f92e_1732295604,"{'operationType': 'replace', 'timestamp': Timestamp(1732295604, 2), 'readableTimestamp': '2024-11-22 17:13:24 UTC', 'documentKey': {'_id': ObjectId('671a80248d26a628ef13f92e')}, 'clientInfo': {}, 'updateDescription': {}}"
subcommodity_dqa_changestream,2024-12-04 15:14:46 UTC,40808,FRESH KITCHENS BERRIES,PROD_SB,,subcommodity_dqa_671a80248d26a628ef13f6ad_1733325286,"{'operationType': 'delete', 'timestamp': Timestamp(1733325286, 1), 'readableTimestamp': '2024-12-04 15:14:46 UTC', 'documentKey': {'_id': ObjectId('671a80248d26a628ef13f6ad')}, 'clientInfo': {}, 'updateDescription': {}}"
subcommodity_dqa_changestream,2024-11-25 21:13:16 UTC,98451,POTATOES GOURMET,PROD_SB,"[{'variationType': 'Varietal', 'variationName': 'Creamers', 'dqaHelperChecked': False, 'secondaryDqaHelperChecked': False, 'displayFlag': False}]",subcommodity_dqa_671a80248d26a628ef13f83d_1732569196,"{'operationType': 'replace', 'timestamp': Timestamp(1732569196, 760), 'readableTimestamp': '2024-11-25 21:13:16 UTC', 'documentKey': {'_id': ObjectId('671a80248d26a628ef13f83d')}, 'clientInfo': {}, 'updateDescription': {}}"
subcommodity_dqa_changestream,2024-12-04 15:24:16 UTC,40902,FRESH KITCHENS INGREDIENTS,PROD_SB,,subcommodity_dqa_671a80248d26a628ef13f6b3_1733325856,"{'operationType': 'delete', 'timestamp': Timestamp(1733325856, 1), 'readableTimestamp': '2024-12-04 15:24:16 UTC', 'documentKey': {'_id': ObjectId('671a80248d26a628ef13f6b3')}, 'clientInfo': {}, 'updateDescription': {}}"
subcommodity_dqa_changestream,2024-12-04 15:23:08 UTC,40907,FRESH KITCHENS VEGETABLE TRAYS,PROD_SB,,subcommodity_dqa_671a80248d26a628ef13f6b5_1733325788,"{'operationType': 'delete', 'timestamp': Timestamp(1733325788, 1), 'readableTimestamp': '2024-12-04 15:23:08 UTC', 'documentKey': {'_id': ObjectId('671a80248d26a628ef13f6b5')}, 'clientInfo': {}, 'updateDescription': {}}"
subcommodity_dqa_changestream,2024-11-25 20:15:07 UTC,63206,POTATOES SWEET ORGANIC,PROD_SB,"[{'variationType': 'Package Size', 'variationName': 'Bulk', 'dqaHelperChecked': False, 'secondaryDqaHelperChecked': False, 'displayFlag': False}]",subcommodity_dqa_671a80248d26a628ef13f72e_1732565707,"{'operationType': 'replace', 'timestamp': Timestamp(1732565707, 9), 'readableTimestamp': '2024-11-25 20:15:07 UTC', 'documentKey': {'_id': ObjectId('671a80248d26a628ef13f72e')}, 'clientInfo': {}, 'updateDescription': {}}"
subcommodity_dqa_changestream,2024-11-25 20:48:34 UTC,98152,POTATOES RED (BULK & BAG),PROD_SB,"[{'variationType': 'Package Size', 'variationName': 'Size B', 'dqaHelperChecked': False, 'secondaryDqaHelperChecked': False, 'displayFlag': False}]",subcommodity_dqa_671a80248d26a628ef13f966_1732129482,"{'operationType': 'replace', 'timestamp': Timestamp(1732129482, 16), 'readableTimestamp': '2024-11-20 19:04:42 UTC', 'documentKey': {'_id': ObjectId('671a80248d26a628ef13f966')}, 'clientInfo': {}, 'updateDescription': {}}"
subcommodity_dqa_changestream,2024-11-26 15:01:34 UTC,60804,HEAD LETTUCE ORGANIC,PROD_SB,"[{'variationType': 'Varietal', 'variationName': 'Boston', 'dqaHelperChecked': False, 'secondaryDqaHelperChecked': False, 'displayFlag': False}]",subcommodity_dqa_671a80248d26a628ef13f8e7_1732633294,"{'operationType': 'replace', 'timestamp': Timestamp(1732633294, 1), 'readableTimestamp': '2024-11-26 15:01:34 UTC', 'documentKey': {'_id': ObjectId('671a80248d26a628ef13f8e7')}, 'clientInfo': {}, 'updateDescription': {}}"
subcommodity_dqa_changestream,2024-12-04 15:15:02 UTC,40805,FRESH KITCHENS FRUIT MEDLEY,PROD_SB,,subcommodity_dqa_671a80248d26a628ef13f6aa_1733325302,"{'operationType': 'delete', 'timestamp': Timestamp(1733325302, 17), 'readableTimestamp': '2024-12-04 15:15:02 UTC', 'documentKey': {'_id': ObjectId('671a80248d26a628ef13f6aa')}, 'clientInfo': {}, 'updateDescription': {}}"
subcommodity_dqa_changestream,2024-11-25 20:11:25 UTC,61802,POTATOES RED (BULK & BAG) ORGANIC,PROD_SB,"[{'variationType': 'Package Size', 'variationName': 'Size A', 'dqaHelperChecked': False, 'secondaryDqaHelperChecked': False, 'displayFlag': False}]",subcommodity_dqa_671a80248d26a628ef13f723_1732565485,"{'operationType': 'replace', 'timestamp': Timestamp(1732565485, 6), 'readableTimestamp': '2024-11-25 20:11:25 UTC', 'documentKey': {'_id': ObjectId('671a80248d26a628ef13f723')}, 'clientInfo': {}, 'updateDescription': {}}"
subcommodity_dqa_changestream,2024-11-25 20:11:25 UTC,61802,POTATOES RED (BULK & BAG) ORGANIC,PROD_SB,"[{'variationType': 'Package Size', 'variationName': '3 lb Bag', 'dqaHelperChecked': False, 'secondaryDqaHelperChecked': False, 'displayFlag': False}]",subcommodity_dqa_671a80248d26a628ef13f72a_1732565485,"{'operationType': 'replace', 'timestamp': Timestamp(1732565485, 7), 'readableTimestamp': '2024-11-25 20:11:25 UTC', 'documentKey': {'_id': ObjectId('671a80248d26a628ef13f72a')}, 'clientInfo': {}, 'updateDescription': {}}"
subcommodity_dqa_changestream,2024-11-25 21:03:53 UTC,98154,POTATOES SWEET & YAMS,PROD_SB,"[{'variationType': 'Package Size', 'variationName': '4 Count', 'dqaHelperChecked': False, 'secondaryDqaHelperChecked': False, 'displayFlag': False}]",subcommodity_dqa_671a80248d26a628ef13f72d_1732568633,"{'operationType': 'replace', 'timestamp': Timestamp(1732568633, 3), 'readableTimestamp': '2024-11-25 21:03:53 UTC', 'documentKey': {'_id': ObjectId('671a80248d26a628ef13f72d')}, 'clientInfo': {}, 'updateDescription': {}}"
subcommodity_dqa_changestream,2024-11-26 14:14:30 UTC,98130,HEAD LETTUCE,PROD_SB,"[{'variationType': 'Varietal', 'variationName': 'Butter', 'dqaHelperChecked': False, 'secondaryDqaHelperChecked': False, 'displayFlag': False}]",subcommodity_dqa_671a80248d26a628ef13f8e5_1732630470,"{'operationType': 'replace', 'timestamp': Timestamp(1732630470, 2), 'readableTimestamp': '2024-11-26 14:14:30 UTC', 'documentKey': {'_id': ObjectId('671a80248d26a628ef13f8e5')}, 'clientInfo': {}, 'updateDescription': {}}"
subcommodity_dqa_changestream,2024-11-25 20:39:55 UTC,98151,POTATOES RUSSET (BULK & BAG),PROD_SB,"[{'variationType': 'Package Size', 'variationName': 'Bulk', 'dqaHelperChecked': False, 'secondaryDqaHelperChecked': False, 'displayFlag': False}]",subcommodity_dqa_671a80248d26a628ef13f728_1732567195,"{'operationType': 'replace', 'timestamp': Timestamp(1732567195, 1), 'readableTimestamp': '2024-11-25 20:39:55 UTC', 'documentKey': {'_id': ObjectId('671a80248d26a628ef13f728')}, 'clientInfo': {}, 'updateDescription': {}}"
subcommodity_dqa_changestream,2024-11-22 17:02:34 UTC,98002,Grapefruit,PROD_SB,"[{'variationType': 'Origin', 'variationName': 'Arizona', 'dqaHelperChecked': False, 'secondaryVariationType': 'Package Size', 'secondaryVariationName': '5 lb Bag', 'secondaryDqaHelperChecked': False, 'displayFlag': False}]",subcommodity_dqa_671a80248d26a628ef13f949_1732294954,"{'operationType': 'replace', 'timestamp': Timestamp(1732294954, 2), 'readableTimestamp': '2024-11-22 17:02:34 UTC', 'documentKey': {'_id': ObjectId('671a80248d26a628ef13f949')}, 'clientInfo': {}, 'updateDescription': {}}"
subcommodity_dqa_changestream,2024-11-21 19:25:18 UTC,61092,CARROTS BAGGED ORGANIC,PROD_SB,"[{'variationType': 'Package Size', 'variationName': '2 lb Bag', 'dqaHelperChecked': False, 'secondaryDqaHelperChecked': False, 'displayFlag': False}]",subcommodity_dqa_671a80248d26a628ef13f939_1732217118,"{'operationType': 'replace', 'timestamp': Timestamp(1732217118, 6), 'readableTimestamp': '2024-11-21 19:25:18 UTC', 'documentKey': {'_id': ObjectId('671a80248d26a628ef13f939')}, 'clientInfo': {}, 'updateDescription': {}}"
subcommodity_dqa_changestream,2024-11-22 17:02:35 UTC,98002,Grapefruit,PROD_SB,"[{'variationType': 'Origin', 'variationName': 'Arizona', 'dqaHelperChecked': False, 'secondaryVariationType': 'Package Size', 'secondaryVariationName': 'Bulk', 'secondaryDqaHelperChecked': False, 'displayFlag': False}]",subcommodity_dqa_671a80248d26a628ef13f94e_1732294955,"{'operationType': 'replace', 'timestamp': Timestamp(1732294955, 1), 'readableTimestamp': '2024-11-22 17:02:35 UTC', 'documentKey': {'_id': ObjectId('671a80248d26a628ef13f94e')}, 'clientInfo': {}, 'updateDescription': {}}"
subcommodity_dqa_changestream,2024-12-10 21:12:59 UTC,60016,APPLES COSMIC CRISP,PROD_SB,"[{'variationType': 'Package Size', 'variationName': 'Bag', 'dqaHelperChecked': False, 'secondaryDqaHelperChecked': False, 'displayFlag': False}]",subcommodity_dqa_671a80248d26a628ef13f76f_1733865179,"{'operationType': 'replace', 'timestamp': Timestamp(1733865179, 20), 'readableTimestamp': '2024-12-10 21:12:59 UTC', 'documentKey': {'_id': ObjectId('671a80248d26a628ef13f76f')}, 'clientInfo': {}, 'updateDescription': {}}"
subcommodity_dqa_changestream,2024-11-22 21:05:52 UTC,60210,GRAPEFRUIT ORGANIC,PROD_SB,"[{'variationType': 'Origin', 'variationName': 'Arizona', 'dqaHelperChecked': False, 'secondaryVariationType': 'Package Size', 'secondaryVariationName': 'Bulk', 'secondaryDqaHelperChecked': False, 'displayFlag': False}]",subcommodity_dqa_671a80248d26a628ef13f959_1732309552,"{'operationType': 'replace', 'timestamp': Timestamp(1732309552, 10), 'readableTimestamp': '2024-11-22 21:05:52 UTC', 'documentKey': {'_id': ObjectId('671a80248d26a628ef13f959')}, 'clientInfo': {}, 'updateDescription': {}}"
subcommodity_dqa_changestream,2024-12-04 15:36:00 UTC,98191,ORGANIC FRUIT/VEG INSTORE PROCESSED,PROD_SB,,subcommodity_dqa_671a80248d26a628ef13f805_1733326560,"{'operationType': 'delete', 'timestamp': Timestamp(1733326560, 1), 'readableTimestamp': '2024-12-04 15:36:00 UTC', 'documentKey': {'_id': ObjectId('671a80248d26a628ef13f805')}, 'clientInfo': {}, 'updateDescription': {}}"
subcommodity_dqa_changestream,2024-12-04 15:24:42 UTC,40905,FRESH KITCHENS CORN,PROD_SB,,subcommodity_dqa_671a80248d26a628ef13f6b2_1733325882,"{'operationType': 'delete', 'timestamp': Timestamp(1733325882, 1), 'readableTimestamp': '2024-12-04 15:24:42 UTC', 'documentKey': {'_id': ObjectId('671a80248d26a628ef13f6b2')}, 'clientInfo': {}, 'updateDescription': {}}"
subcommodity_dqa_changestream,2024-11-25 21:09:07 UTC,98155,POTATOES WHITE (BULK & BAG),PROD_SB,"[{'variationType': 'Package Size', 'variationName': 'Size B', 'dqaHelperChecked': False, 'secondaryDqaHelperChecked': False, 'displayFlag': False}]",subcommodity_dqa_671a80248d26a628ef13f965_1732568947,"{'operationType': 'replace', 'timestamp': Timestamp(1732568947, 4), 'readableTimestamp': '2024-11-25 21:09:07 UTC', 'documentKey': {'_id': ObjectId('671a80248d26a628ef13f965')}, 'clientInfo': {}, 'updateDescription': {}}"
subcommodity_dqa_changestream,2024-11-25 21:03:53 UTC,98154,POTATOES SWEET & YAMS,PROD_SB,"[{'variationType': 'Package Size', 'variationName': 'Other', 'dqaHelperChecked': False, 'secondaryDqaHelperChecked': False, 'displayFlag': False}]",subcommodity_dqa_671a80248d26a628ef13f722_1732568633,"{'operationType': 'replace', 'timestamp': Timestamp(1732568633, 1), 'readableTimestamp': '2024-11-25 21:03:53 UTC', 'documentKey': {'_id': ObjectId('671a80248d26a628ef13f722')}, 'clientInfo': {}, 'updateDescription': {}}"
subcommodity_dqa_changestream,2024-11-26 14:14:30 UTC,98130,HEAD LETTUCE,PROD_SB,"[{'variationType': 'Varietal', 'variationName': 'Boston', 'dqaHelperChecked': False, 'secondaryDqaHelperChecked': False, 'displayFlag': False}]",subcommodity_dqa_671a80248d26a628ef13f8e4_1732630470,"{'operationType': 'replace', 'timestamp': Timestamp(1732630470, 1), 'readableTimestamp': '2024-11-26 14:14:30 UTC', 'documentKey': {'_id': ObjectId('671a80248d26a628ef13f8e4')}, 'clientInfo': {}, 'updateDescription': {}}"
subcommodity_dqa_changestream,2024-11-25 19:29:28 UTC,60401,BLUEBERRIES ORGANIC,PROD_SB,,subcommodity_dqa_671a80248d26a628ef13f911_1732562968,"{'operationType': 'replace', 'timestamp': Timestamp(1732562968, 1), 'readableTimestamp': '2024-11-25 19:29:28 UTC', 'documentKey': {'_id': ObjectId('671a80248d26a628ef13f911')}, 'clientInfo': {}, 'updateDescription': {}}"
subcommodity_dqa_changestream,2024-11-22 17:02:35 UTC,98002,Grapefruit,PROD_SB,"[{'variationType': 'Origin', 'variationName': 'Texas', 'dqaHelperChecked': False, 'secondaryVariationType': 'Package Size', 'secondaryVariationName': 'Bulk', 'secondaryDqaHelperChecked': False, 'displayFlag': False}]",subcommodity_dqa_671a80248d26a628ef13f951_1732294955,"{'operationType': 'replace', 'timestamp': Timestamp(1732294955, 4), 'readableTimestamp': '2024-11-22 17:02:35 UTC', 'documentKey': {'_id': ObjectId('671a80248d26a628ef13f951')}, 'clientInfo': {}, 'updateDescription': {}}"
subcommodity_dqa_changestream,2024-11-22 20:05:40 UTC,61709,FIELD TOMATOES BEEFSTEAK,PROD_SB,,subcommodity_dqa_671a80248d26a628ef13f811_1732305940,"{'operationType': 'replace', 'timestamp': Timestamp(1732305940, 5), 'readableTimestamp': '2024-11-22 20:05:40 UTC', 'documentKey': {'_id': ObjectId('671a80248d26a628ef13f811')}, 'clientInfo': {}, 'updateDescription': {}}"
subcommodity_dqa_changestream,2024-11-22 21:05:52 UTC,60210,GRAPEFRUIT ORGANIC,PROD_SB,"[{'variationType': 'Origin', 'variationName': 'Arizona', 'dqaHelperChecked': False, 'secondaryVariationType': 'Package Size', 'secondaryVariationName': 'Other', 'secondaryDqaHelperChecked': False, 'displayFlag': False}]",subcommodity_dqa_671a80248d26a628ef13f955_1732309552,"{'operationType': 'replace', 'timestamp': Timestamp(1732309552, 4), 'readableTimestamp': '2024-11-22 21:05:52 UTC', 'documentKey': {'_id': ObjectId('671a80248d26a628ef13f955')}, 'clientInfo': {}, 'updateDescription': {}}"
subcommodity_dqa_changestream,2024-11-22 21:05:52 UTC,60210,GRAPEFRUIT ORGANIC,PROD_SB,"[{'variationType': 'Origin', 'variationName': 'FLORIDA', 'dqaHelperChecked': False, 'secondaryVariationType': 'Package Size', 'secondaryVariationName': 'Bulk', 'secondaryDqaHelperChecked': False, 'displayFlag': False}]",subcommodity_dqa_671a80248d26a628ef13f956_1732309552,"{'operationType': 'replace', 'timestamp': Timestamp(1732309552, 5), 'readableTimestamp': '2024-11-22 21:05:52 UTC', 'documentKey': {'_id': ObjectId('671a80248d26a628ef13f956')}, 'clientInfo': {}, 'updateDescription': {}}"
subcommodity_dqa_changestream,2024-11-22 17:02:34 UTC,98002,Grapefruit,PROD_SB,"[{'variationType': 'Origin', 'variationName': 'FLORIDA', 'dqaHelperChecked': False, 'secondaryVariationType': 'Package Size', 'secondaryVariationName': 'Other', 'secondaryDqaHelperChecked': False, 'displayFlag': False}]",subcommodity_dqa_671a80248d26a628ef13f94c_1732294954,"{'operationType': 'replace', 'timestamp': Timestamp(1732294954, 5), 'readableTimestamp': '2024-11-22 17:02:34 UTC', 'documentKey': {'_id': ObjectId('671a80248d26a628ef13f94c')}, 'clientInfo': {}, 'updateDescription': {}}"
subcommodity_dqa_changestream,2024-11-25 21:03:53 UTC,98154,POTATOES SWEET & YAMS,PROD_SB,"[{'variationType': 'Package Size', 'variationName': '3 lb Bag', 'dqaHelperChecked': False, 'secondaryDqaHelperChecked': False, 'displayFlag': False}]",subcommodity_dqa_671a80248d26a628ef13f731_1732568633,"{'operationType': 'replace', 'timestamp': Timestamp(1732568633, 4), 'readableTimestamp': '2024-11-25 21:03:53 UTC', 'documentKey': {'_id': ObjectId('671a80248d26a628ef13f731')}, 'clientInfo': {}, 'updateDescription': {}}"
subcommodity_dqa_changestream,2024-11-21 14:36:29 UTC,98444,apple-test,PROD_SB,,subcommodity_dqa_673e14e540d86b26a62a09aa_1732131662,"{'operationType': 'replace', 'timestamp': Timestamp(1732131662, 1), 'readableTimestamp': '2024-11-20 19:41:02 UTC', 'documentKey': {'_id': ObjectId('673e14e540d86b26a62a09aa')}, 'clientInfo': {}, 'updateDescription': {}}"
subcommodity_dqa_changestream,2024-12-04 15:43:40 UTC,86409,JUICE BAR ADDITIVES,PROD_SB,,subcommodity_dqa_671a80248d26a628ef13f6c2_1733327020,"{'operationType': 'delete', 'timestamp': Timestamp(1733327020, 1), 'readableTimestamp': '2024-12-04 15:43:40 UTC', 'documentKey': {'_id': ObjectId('671a80248d26a628ef13f6c2')}, 'clientInfo': {}, 'updateDescription': {}}"
subcommodity_dqa_changestream,2024-11-22 21:05:52 UTC,60210,GRAPEFRUIT ORGANIC,PROD_SB,"[{'variationType': 'Origin', 'variationName': 'Arizona', 'dqaHelperChecked': False, 'secondaryVariationType': 'Package Size', 'secondaryVariationName': '5 lb Bag', 'secondaryDqaHelperChecked': False, 'displayFlag': False}]",subcommodity_dqa_671a80248d26a628ef13f95c_1732309552,"{'operationType': 'replace', 'timestamp': Timestamp(1732309552, 18), 'readableTimestamp': '2024-11-22 21:05:52 UTC', 'documentKey': {'_id': ObjectId('671a80248d26a628ef13f95c')}, 'clientInfo': {}, 'updateDescription': {}}"
subcommodity_dqa_changestream,2024-12-04 15:23:40 UTC,40901,FRESH KITCHENS MUSHROOMS (STUFFED),PROD_SB,,subcommodity_dqa_671a80248d26a628ef13f6b1_1733325820,"{'operationType': 'delete', 'timestamp': Timestamp(1733325820, 1), 'readableTimestamp': '2024-12-04 15:23:40 UTC', 'documentKey': {'_id': ObjectId('671a80248d26a628ef13f6b1')}, 'clientInfo': {}, 'updateDescription': {}}"
subcommodity_dqa_changestream,2024-11-22 21:05:52 UTC,60210,GRAPEFRUIT ORGANIC,PROD_SB,"[{'variationType': 'Origin', 'variationName': 'California', 'dqaHelperChecked': False, 'secondaryVariationType': 'Package Size', 'secondaryVariationName': '5 lb Bag', 'secondaryDqaHelperChecked': False, 'displayFlag': False}]",subcommodity_dqa_671a80248d26a628ef13f95d_1732309552,"{'operationType': 'replace', 'timestamp': Timestamp(1732309552, 22), 'readableTimestamp': '2024-11-22 21:05:52 UTC', 'documentKey': {'_id': ObjectId('671a80248d26a628ef13f95d')}, 'clientInfo': {}, 'updateDescription': {}}"
subcommodity_dqa_changestream,2024-11-25 20:39:55 UTC,98151,POTATOES RUSSET (BULK & BAG),PROD_SB,"[{'variationType': 'Package Size', 'variationName': 'Other', 'dqaHelperChecked': False, 'secondaryDqaHelperChecked': False, 'displayFlag': False}]",subcommodity_dqa_671a80248d26a628ef13f72f_1732567195,"{'operationType': 'replace', 'timestamp': Timestamp(1732567195, 4), 'readableTimestamp': '2024-11-25 20:39:55 UTC', 'documentKey': {'_id': ObjectId('671a80248d26a628ef13f72f')}, 'clientInfo': {}, 'updateDescription': {}}"
